{
    "objects": [
        {
            "name": "Sphere",
            "transform": {
                "rotate": {
                    "x": 0.000334290525643155,
                    "y": -1.5700000524520874,
                    "z": 7.103486859705299e-05
                },
                "scale": {
                    "x": 0.9999976754188538,
                    "y": 0.9999985098838806,
                    "z": 0.9999989867210388
                },
                "translate": {
                    "x": 0.0,
                    "y": 0.0,
                    "z": 0.0
                }
            }
        },
        {
            "name": "SkyCylinder",
            "transform": {
                "rotate": {
                    "x": 0.0,
                    "y": 0.0,
                    "z": 0.0
                },
                "scale": {
                    "x": 50.0,
                    "y": 20.0,
                    "z": 50.0
                },
                "translate": {
                    "x": 0.0,
                    "y": -5.0,
                    "z": 0.0
                }
            }
        },
        {
            "name": "Camera",
            "transform": {
                "rotate": {
                    "x": 0.3141592741012573,
                    "y": 0.0,
                    "z": 0.0
                },
                "scale": {
                    "x": 1.0,
                    "y": 1.0,
                    "z": 1.0
                },
                "translate": {
                    "x": 0.0,
                    "y": 7.5,
                    "z": -20.0
                }
            }
        }
    ]
}