{
    "objects": [
        {
            "name": "Sphere",
            "transform": {
                "rotate": {
                    "x": -3.1415908336639404,
                    "y": -8.74227694680485e-08,
                    "z": -3.1415908336639404
                },
                "scale": {
                    "x": 1.0,
                    "y": 1.0,
                    "z": 1.0
                },
                "translate": {
                    "x": -0.5770775675773621,
                    "y": 2.239109516143799,
                    "z": 0.0
                }
            }
        },
        {
            "name": "SkyCylinder",
            "transform": {
                "rotate": {
                    "x": 0.0,
                    "y": 0.0,
                    "z": 0.0
                },
                "scale": {
                    "x": 50.0,
                    "y": 20.0,
                    "z": 50.0
                },
                "translate": {
                    "x": 0.0,
                    "y": -5.0,
                    "z": 0.0
                }
            }
        }
    ]
}